field,jour,5y_if_2019,jour_loc,pub,JCR_quart,AIS,APC,,,,,,,,,,,,,,,,,,,,,,,,,,,,,,,,,,,,,,,,,,,,,,,,,,,,,,,,,,,,,,,,,,,,,,,,
Biochemistry ,BIOCHEMICAL AND BIOPHYSICAL RESEARCH COMMUNICATIONS,2.75,USA,Elsevier,2,0.599,"$2,690",,,,,,,,,,,,,,,,,,,,,,,,,,,,,,,,,,,,,,,,,,,,,,,,,,,,,,,,,,,,,,,,,,,,,,,,
CellBio,CELL,38.62,USA,CellPress,1,20.797,"$9,900",,,,,,,,,,,,,,,,,,,,,,,,,,,,,,,,,,,,,,,,,,,,,,,,,,,,,,,,,,,,,,,,,,,,,,,,
CellBio,CELL RESEARCH,20.396,ENGLAND,Nature,1,7.969,"$4,480",,,,,,,,,,,,,,,,,,,,,,,,,,,,,,,,,,,,,,,,,,,,,,,,,,,,,,,,,,,,,,,,,,,,,,,,
CellBio,CELL SYSTEMS,11.453,USA,CellPress,1,7.241,"$8,900",,,,,,,,,,,,,,,,,,,,,,,,,,,,,,,,,,,,,,,,,,,,,,,,,,,,,,,,,,,,,,,,,,,,,,,,
CellBio,MOLECULAR AND CELLULAR BIOLOGY,3.96,USA,American Society for Microbiology,2,1.521,"$2,500",,,,,,,,,,,,,,,,,,,,,,,,,,,,,,,,,,,,,,,,,,,,,,,,,,,,,,,,,,,,,,,,,,,,,,,,
Entomology,ANNALS OF THE ENTOMOLOGICAL SOCIETY OF AMERICA,1.629,USA,Entomological society of America,2,0.506,"$3,717",,,,,,,,,,,,,,,,,,,,,,,,,,,,,,,,,,,,,,,,,,,,,,,,,,,,,,,,,,,,,,,,,,,,,,,,
Entomology,ECOLOGICAL ENTOMOLOGY,2.002,USA,Wiley Online Library,2,0.621,"$3,600",,,,,,,,,,,,,,,,,,,,,,,,,,,,,,,,,,,,,,,,,,,,,,,,,,,,,,,,,,,,,,,,,,,,,,,,
Entomology,ENVIRONMENTAL ENTOMOLOGY,1.813,USA,Oxford Academics,2,0.497,"$3,717",,,,,,,,,,,,,,,,,,,,,,,,,,,,,,,,,,,,,,,,,,,,,,,,,,,,,,,,,,,,,,,,,,,,,,,,
Entomology,EXPERIMENTAL AND APPLIED ACAROLOGY,1.736,NETHERLANDS,Springer,2,0.449,"$3,280",,,,,,,,,,,,,,,,,,,,,,,,,,,,,,,,,,,,,,,,,,,,,,,,,,,,,,,,,,,,,,,,,,,,,,,,
Entomology,INSECT BIOCHEMISTRY AND MOLECULAR BIOLOGY,4.095,ENGLAND,Elsevier,1,1.064,"$3,360",,,,,,,,,,,,,,,,,,,,,,,,,,,,,,,,,,,,,,,,,,,,,,,,,,,,,,,,,,,,,,,,,,,,,,,,
Entomology,JOURNAL OF INSECT BEHAVIOR,1.13,USA,Springer,3,0.327,"$3,280",,,,,,,,,,,,,,,,,,,,,,,,,,,,,,,,,,,,,,,,,,,,,,,,,,,,,,,,,,,,,,,,,,,,,,,,
Entomology,JOURNAL OF INSECT CONSERVATION,1.654,NETHERLANDS,Springer,2,0.48,"$3,280",,,,,,,,,,,,,,,,,,,,,,,,,,,,,,,,,,,,,,,,,,,,,,,,,,,,,,,,,,,,,,,,,,,,,,,,
Entomology,JOURNAL OF INSECT PHYSIOLOGY,2.62,ENGLAND,Elsevier,2,0.778,"$2,800",,,,,,,,,,,,,,,,,,,,,,,,,,,,,,,,,,,,,,,,,,,,,,,,,,,,,,,,,,,,,,,,,,,,,,,,
EvoBio,AMERICAN NATURALIST,4.072,USA,The University of Chicago Press,1,1.689,"$4,300",,,,,,,,,,,,,,,,,,,,,,,,,,,,,,,,,,,,,,,,,,,,,,,,,,,,,,,,,,,,,,,,,,,,,,,,
EvoBio,BIOLOGICAL JOURNAL OF THE LINNEAN SOCIETY,2.346,ENGLAND,Oxford Academics,3,0.796,"$3,460",,,,,,,,,,,,,,,,,,,,,,,,,,,,,,,,,,,,,,,,,,,,,,,,,,,,,,,,,,,,,,,,,,,,,,,,
EvoBio,BIOLOGY LETTERS,2.346,ENGLAND,The Royal Society Publishing,2,1.309,"$2,380",,,,,,,,,,,,,,,,,,,,,,,,,,,,,,,,,,,,,,,,,,,,,,,,,,,,,,,,,,,,,,,,,,,,,,,,
EvoBio,EVOLUTION,3.983,USA,Wiley Online Library,2,1.6,"$3,000",,,,,,,,,,,,,,,,,,,,,,,,,,,,,,,,,,,,,,,,,,,,,,,,,,,,,,,,,,,,,,,,,,,,,,,,
EvoBio,EVOLUTIONARY ECOLOGY,1.887,NETHERLANDS,Springer,3,0.689,"$3,280",,,,,,,,,,,,,,,,,,,,,,,,,,,,,,,,,,,,,,,,,,,,,,,,,,,,,,,,,,,,,,,,,,,,,,,,
EvoBio,HEREDITY,4.101,ENGLAND,Nature,2,1.447,"$3,860",,,,,,,,,,,,,,,,,,,,,,,,,,,,,,,,,,,,,,,,,,,,,,,,,,,,,,,,,,,,,,,,,,,,,,,,
EvoBio,JOURNAL OF EVOLUTIONARY BIOLOGY,2.691,USA,Wiley Online Library,2,1.016,"$3,000",,,,,,,,,,,,,,,,,,,,,,,,,,,,,,,,,,,,,,,,,,,,,,,,,,,,,,,,,,,,,,,,,,,,,,,,
EvoBio,JOURNAL OF HEREDITY,2.791,USA,Oxford Academics,2,0.965,"$3,000",,,,,,,,,,,,,,,,,,,,,,,,,,,,,,,,,,,,,,,,,,,,,,,,,,,,,,,,,,,,,,,,,,,,,,,,
EvoBio,JOURNAL OF MOLECULAR EVOLUTION,1.996,USA,Springer,1,0.705,"$3,280",,,,,,,,,,,,,,,,,,,,,,,,,,,,,,,,,,,,,,,,,,,,,,,,,,,,,,,,,,,,,,,,,,,,,,,,
EvoBio,MOLECULAR BIOLOGY AND EVOLUTION,13.401,ENGLAND,Oxford Academics,1,5.144,"$3,255",,,,,,,,,,,,,,,,,,,,,,,,,,,,,,,,,,,,,,,,,,,,,,,,,,,,,,,,,,,,,,,,,,,,,,,,
EvoBio,MOLECULAR ECOLOGY,5.965,USA,Wiley Online Library,1,1.985,"$4,250",,,,,,,,,,,,,,,,,,,,,,,,,,,,,,,,,,,,,,,,,,,,,,,,,,,,,,,,,,,,,,,,,,,,,,,,
EvoBio,MOLECULAR ECOLOGY RESOURCES,7.488,USA,Wiley Online Library,1,2.416,"$4,300",,,,,,,,,,,,,,,,,,,,,,,,,,,,,,,,,,,,,,,,,,,,,,,,,,,,,,,,,,,,,,,,,,,,,,,,
EvoBio,NATURE ECOLOGY & EVOLUTION,12.561,GERMANY,Nature,1,5.612,"$11,390",,,,,,,,,,,,,,,,,,,,,,,,,,,,,,,,,,,,,,,,,,,,,,,,,,,,,,,,,,,,,,,,,,,,,,,,
EvoBio,PROCEEDINGS OF THE ROYAL SOCIETY B-BIOLOGICAL SCIENCES,5.432,ENGLAND,Royal Society,1,2.07,"$2,380",,,,,,,,,,,,,,,,,,,,,,,,,,,,,,,,,,,,,,,,,,,,,,,,,,,,,,,,,,,,,,,,,,,,,,,,
EvoBio,THEORETICAL POPULATION BIOLOGY,1.648,USA,Elsevier,3,0.712,"$2,550",,,,,,,,,,,,,,,,,,,,,,,,,,,,,,,,,,,,,,,,,,,,,,,,,,,,,,,,,,,,,,,,,,,,,,,,
EvoBio,TRENDS IN ECOLOGY & EVOLUTION,18.601,ENGLAND,CellPress,1,7.148,"$6,700",,,,,,,,,,,,,,,,,,,,,,,,,,,,,,,,,,,,,,,,,,,,,,,,,,,,,,,,,,,,,,,,,,,,,,,,
EvoBio,CLADISTICS,5.444,USA,Wiley Online Library,1,2.072,"$3,700",,,,,,,,,,,,,,,,,,,,,,,,,,,,,,,,,,,,,,,,,,,,,,,,,,,,,,,,,,,,,,,,,,,,,,,,
Genetics_Heredity,CLINICAL GENETICS,3.45,USA,Wiley Online Library,2,1.216,"$4,000",,,,,,,,,,,,,,,,,,,,,,,,,,,,,,,,,,,,,,,,,,,,,,,,,,,,,,,,,,,,,,,,,,,,,,,,
Genetics_Heredity,GENES & DEVELOPMENT,10.327,USA,Cold Spring Harbor Laboratory Press,1,5.318,"$3,700",,,,,,,,,,,,,,,,,,,,,,,,,,,,,,,,,,,,,,,,,,,,,,,,,,,,,,,,,,,,,,,,,,,,,,,,
Genetics_Heredity,GENOME RESEARCH,12.01,USA,Cold Spring Harbor Laboratory Press,1,7.013,"$1,500",,,,,,,,,,,,,,,,,,,,,,,,,,,,,,,,,,,,,,,,,,,,,,,,,,,,,,,,,,,,,,,,,,,,,,,,
Genetics_Heredity,HUMAN MOLECULAR GENETICS,5.362,ENGLAND,Oxford Academics,1,2.087,"$3,922",,,,,,,,,,,,,,,,,,,,,,,,,,,,,,,,,,,,,,,,,,,,,,,,,,,,,,,,,,,,,,,,,,,,,,,,
Genetics_Heredity,MOLECULAR THERAPY,7.885,USA,CellPress,1,2.495,"$3,900",,,,,,,,,,,,,,,,,,,,,,,,,,,,,,,,,,,,,,,,,,,,,,,,,,,,,,,,,,,,,,,,,,,,,,,,
Genetics_Heredity,MARINE GENOMICS,1.883,NETHERLANDS,Elsevier,4,0.492,"$2,550",,,,,,,,,,,,,,,,,,,,,,,,,,,,,,,,,,,,,,,,,,,,,,,,,,,,,,,,,,,,,,,,,,,,,,,,
MarineB_E,AQUACULTURE,3.592,NETHERLANDS,Elsevier,1,0.614,"$4,000",,,,,,,,,,,,,,,,,,,,,,,,,,,,,,,,,,,,,,,,,,,,,,,,,,,,,,,,,,,,,,,,,,,,,,,,
MarineB_E,CORAL REEFS,3.553,USA,Springer,1,1.026,"$3,860",,,,,,,,,,,,,,,,,,,,,,,,,,,,,,,,,,,,,,,,,,,,,,,,,,,,,,,,,,,,,,,,,,,,,,,,
MarineB_E,JOURNAL OF APPLIED PHYCOLOGY,3.217,NETHERLANDS,Springer,2,0.522,"$3,280",,,,,,,,,,,,,,,,,,,,,,,,,,,,,,,,,,,,,,,,,,,,,,,,,,,,,,,,,,,,,,,,,,,,,,,,
MarineB_E,JOURNAL OF EXPERIMENTAL MARINE BIOLOGY AND ECOLOGY,2.126,NETHERLANDS,Elsevier,2,0.626,"$3,000",,,,,,,,,,,,,,,,,,,,,,,,,,,,,,,,,,,,,,,,,,,,,,,,,,,,,,,,,,,,,,,,,,,,,,,,
MarineB_E,JOURNAL OF FISH BIOLOGY,1.943,USA,Wiley Online Library,2,0.545,"$3,300",,,,,,,,,,,,,,,,,,,,,,,,,,,,,,,,,,,,,,,,,,,,,,,,,,,,,,,,,,,,,,,,,,,,,,,,
MarineB_E,MARINE BIOLOGY,2.256,GERMANY,Springer,2,0.678,"$3,280",,,,,,,,,,,,,,,,,,,,,,,,,,,,,,,,,,,,,,,,,,,,,,,,,,,,,,,,,,,,,,,,,,,,,,,,
Microbiology,ANTIMICROBIAL AGENTS AND CHEMOTHERAPY,4.746,USA,American Society for Microbiology,1,1.372,"$2,500",,,,,,,,,,,,,,,,,,,,,,,,,,,,,,,,,,,,,,,,,,,,,,,,,,,,,,,,,,,,,,,,,,,,,,,,
Microbiology,APPLIED AND ENVIRONMENTAL MICROBIOLOGY,4.597,USA,American Society for Microbiology,2,1.241,"$2,500",,,,,,,,,,,,,,,,,,,,,,,,,,,,,,,,,,,,,,,,,,,,,,,,,,,,,,,,,,,,,,,,,,,,,,,,
Microbiology,CELL HOST & MICROBE,17.766,USA,CellPress,1,7.815,"$8,900",,,,,,,,,,,,,,,,,,,,,,,,,,,,,,,,,,,,,,,,,,,,,,,,,,,,,,,,,,,,,,,,,,,,,,,,
Microbiology,CLINICAL INFECTIOUS DISEASES,8.845,USA,Oxford Academics,1,3.804,"$4,052",,,,,,,,,,,,,,,,,,,,,,,,,,,,,,,,,,,,,,,,,,,,,,,,,,,,,,,,,,,,,,,,,,,,,,,,
Microbiology,JOURNAL OF CLINICAL MICROBIOLOGY,4.663,USA,American Society for Microbiology,1,1.619,"$2,500",,,,,,,,,,,,,,,,,,,,,,,,,,,,,,,,,,,,,,,,,,,,,,,,,,,,,,,,,,,,,,,,,,,,,,,,
Microbiology,JOURNAL OF INFECTIOUS DISEASES,5.057,USA,Oxford Academics,1,2.17,"$4,052",,,,,,,,,,,,,,,,,,,,,,,,,,,,,,,,,,,,,,,,,,,,,,,,,,,,,,,,,,,,,,,,,,,,,,,,
Microbiology,MICROBES AND INFECTION,2.397,NETHERLANDS,Elsevier,3,0.716,"$1,950",,,,,,,,,,,,,,,,,,,,,,,,,,,,,,,,,,,,,,,,,,,,,,,,,,,,,,,,,,,,,,,,,,,,,,,,
Microbiology,MOLECULAR MICROBIOLOGY,3.576,USA,Wiley Online Library,2,1.35,"$3,250",,,,,,,,,,,,,,,,,,,,,,,,,,,,,,,,,,,,,,,,,,,,,,,,,,,,,,,,,,,,,,,,,,,,,,,,
Mycology,FEMS YEAST RESEARCH,3.507,ENGLAND,Oxford Academics,2,0.979,"$4,030",,,,,,,,,,,,,,,,,,,,,,,,,,,,,,,,,,,,,,,,,,,,,,,,,,,,,,,,,,,,,,,,,,,,,,,,
Mycology,FUNGAL BIOLOGY,2.85,ENGLAND,Elsevier,2,0.755,"$1,800",,,,,,,,,,,,,,,,,,,,,,,,,,,,,,,,,,,,,,,,,,,,,,,,,,,,,,,,,,,,,,,,,,,,,,,,
Mycology,FUNGAL DIVERSITY,12.096,USA,Springer,1,3.525,"$4,480",,,,,,,,,,,,,,,,,,,,,,,,,,,,,,,,,,,,,,,,,,,,,,,,,,,,,,,,,,,,,,,,,,,,,,,,
Mycology,FUNGAL ECOLOGY,3.953,ENGLAND,Elsevier,2,1.115,"$3,000",,,,,,,,,,,,,,,,,,,,,,,,,,,,,,,,,,,,,,,,,,,,,,,,,,,,,,,,,,,,,,,,,,,,,,,,
Mycology,FUNGAL GENETICS AND BIOLOGY,3.583,USA,Elsevier,2,0.97,"$2,800",,,,,,,,,,,,,,,,,,,,,,,,,,,,,,,,,,,,,,,,,,,,,,,,,,,,,,,,,,,,,,,,,,,,,,,,
Mycology,JOURNAL DE MYCOLOGIE MEDICALE,1.635,FRANCE,Elsevier,4,0.316,"$2,250",,,,,,,,,,,,,,,,,,,,,,,,,,,,,,,,,,,,,,,,,,,,,,,,,,,,,,,,,,,,,,,,,,,,,,,,
Mycology,LICHENOLOGIST,1.363,ENGLAND,Cambridge University Press,3,0.376,"$2,890",,,,,,,,,,,,,,,,,,,,,,,,,,,,,,,,,,,,,,,,,,,,,,,,,,,,,,,,,,,,,,,,,,,,,,,,
Mycology,MEDICAL MYCOLOGY,2.993,ENGLAND,Oxford Academics,2,0.775,"$4,200",,,,,,,,,,,,,,,,,,,,,,,,,,,,,,,,,,,,,,,,,,,,,,,,,,,,,,,,,,,,,,,,,,,,,,,,
Mycology,MYCOLOGIA,2.728,USA,Taylor and Francis Online,3,0.767,"$2,995",,,,,,,,,,,,,,,,,,,,,,,,,,,,,,,,,,,,,,,,,,,,,,,,,,,,,,,,,,,,,,,,,,,,,,,,
Mycology,MYCOLOGICAL PROGRESS,2.061,GERMANY,Springer,3,0.554,"$3,280",,,,,,,,,,,,,,,,,,,,,,,,,,,,,,,,,,,,,,,,,,,,,,,,,,,,,,,,,,,,,,,,,,,,,,,,
Mycology,MYCOPATHOLOGIA,1.958,NETHERLANDS,Springer,3,0.476,"$3,280",,,,,,,,,,,,,,,,,,,,,,,,,,,,,,,,,,,,,,,,,,,,,,,,,,,,,,,,,,,,,,,,,,,,,,,,
Mycology,MYCORRHIZA,3.215,USA,Springer,2,0.738,"$3,280",,,,,,,,,,,,,,,,,,,,,,,,,,,,,,,,,,,,,,,,,,,,,,,,,,,,,,,,,,,,,,,,,,,,,,,,
Mycology,MYCOSES,3.118,USA,Wiley Online Library,1,0.788,"$4,100",,,,,,,,,,,,,,,,,,,,,,,,,,,,,,,,,,,,,,,,,,,,,,,,,,,,,,,,,,,,,,,,,,,,,,,,
Mycology,MYCOTAXON,0.691,USA,Mycotaxon,4,0.168,$20,,,,,,,,,,,,,,,,,,,,,,,,,,,,,,,,,,,,,,,,,,,,,,,,,,,,,,,,,,,,,,,,,,,,,,,,
Mycology,MYCOTOXIN RESEARCH,3.162,GERMANY,Springer,3,0.571,"$3,280",,,,,,,,,,,,,,,,,,,,,,,,,,,,,,,,,,,,,,,,,,,,,,,,,,,,,,,,,,,,,,,,,,,,,,,,
Mycology,YEAST,2.971,USA,Wiley Online Library,2,0.9,"$3,500",,,,,,,,,,,,,,,,,,,,,,,,,,,,,,,,,,,,,,,,,,,,,,,,,,,,,,,,,,,,,,,,,,,,,,,,
Neuroscience,BRAIN,11.931,ENGLAND,Oxford Academics,2,4.469,"$4,510",,,,,,,,,,,,,,,,,,,,,,,,,,,,,,,,,,,,,,,,,,,,,,,,,,,,,,,,,,,,,,,,,,,,,,,,
Neuroscience,CEREBRAL CORTEX,5.924,USA,Oxford Academics,1,2.429,"$4,522",,,,,,,,,,,,,,,,,,,,,,,,,,,,,,,,,,,,,,,,,,,,,,,,,,,,,,,,,,,,,,,,,,,,,,,,
Neuroscience,JOURNAL OF PSYCHOPHARMACOLOGY,3.816,ENGLAND,SAGE publishers,2,1.144,"$3,000",,,,,,,,,,,,,,,,,,,,,,,,,,,,,,,,,,,,,,,,,,,,,,,,,,,,,,,,,,,,,,,,,,,,,,,,
Neuroscience,LEARNING & MEMORY,3.05,USA,Cold Spring Harbor Laboratory Press,3,1.219,"$3,700",,,,,,,,,,,,,,,,,,,,,,,,,,,,,,,,,,,,,,,,,,,,,,,,,,,,,,,,,,,,,,,,,,,,,,,,
Neuroscience,PSYCHOPHARMACOLOGY,3.179,USA,Springer,1,0.926,"$3,860",,,,,,,,,,,,,,,,,,,,,,,,,,,,,,,,,,,,,,,,,,,,,,,,,,,,,,,,,,,,,,,,,,,,,,,,
Oncology,ANNALS OF ONCOLOGY,15.254,NETHERLANDS,Elsevier,1,5.185,"$3,875",,,,,,,,,,,,,,,,,,,,,,,,,,,,,,,,,,,,,,,,,,,,,,,,,,,,,,,,,,,,,,,,,,,,,,,,
Oncology,BRITISH JOURNAL OF CANCER,6.21,ENGLAND,Nature,1,1.798,"$4,480",,,,,,,,,,,,,,,,,,,,,,,,,,,,,,,,,,,,,,,,,,,,,,,,,,,,,,,,,,,,,,,,,,,,,,,,
Oncology,INTERNATIONAL JOURNAL OF CANCER,6.485,USA,Wiley Online Library,1,1.79,"$4,600",,,,,,,,,,,,,,,,,,,,,,,,,,,,,,,,,,,,,,,,,,,,,,,,,,,,,,,,,,,,,,,,,,,,,,,,
Oncology,ONCOGENE,7.066,ENGLAND,Nature,1,1.917,"$4,990",,,,,,,,,,,,,,,,,,,,,,,,,,,,,,,,,,,,,,,,,,,,,,,,,,,,,,,,,,,,,,,,,,,,,,,,
Oncology,ONCOLOGY REPORTS,3.279,GREECE,Spandidos publishers,2,0.594,"$2,400",,,,,,,,,,,,,,,,,,,,,,,,,,,,,,,,,,,,,,,,,,,,,,,,,,,,,,,,,,,,,,,,,,,,,,,,
PlantBio,JOURNAL OF EXPERIMENTAL BOTANY,7.011,ENGLAND,Oxford Academics,1,1.879,"$3,600",,,,,,,,,,,,,,,,,,,,,,,,,,,,,,,,,,,,,,,,,,,,,,,,,,,,,,,,,,,,,,,,,,,,,,,,
PlantBio,MOLECULAR PLANT,12.744,USA,CellPress,1,4.192,"$3,000",,,,,,,,,,,,,,,,,,,,,,,,,,,,,,,,,,,,,,,,,,,,,,,,,,,,,,,,,,,,,,,,,,,,,,,,
PlantBio,PLANT BIOLOGY,2.371,USA,Wiley Online Library,2,0.616,"$3,000",,,,,,,,,,,,,,,,,,,,,,,,,,,,,,,,,,,,,,,,,,,,,,,,,,,,,,,,,,,,,,,,,,,,,,,,
PlantBio,PLANT CELL,10.144,USA,American Society of Plant Biology,1,3.667,"$4,100",,,,,,,,,,,,,,,,,,,,,,,,,,,,,,,,,,,,,,,,,,,,,,,,,,,,,,,,,,,,,,,,,,,,,,,,
PlantBio,PLANT JOURNAL,6.629,USA,wiley Blackwell,1,2.111,"$4,400",,,,,,,,,,,,,,,,,,,,,,,,,,,,,,,,,,,,,,,,,,,,,,,,,,,,,,,,,,,,,,,,,,,,,,,,
PlantBio,PLANT MOLECULAR BIOLOGY,4.065,NETHERLANDS,Springer,2,1.041,"$3,860",,,,,,,,,,,,,,,,,,,,,,,,,,,,,,,,,,,,,,,,,,,,,,,,,,,,,,,,,,,,,,,,,,,,,,,,
PlantBio,PLANT PHYSIOLOGY,7.52,USA,Oxford Academics,1,2.343,"$3,200",,,,,,,,,,,,,,,,,,,,,,,,,,,,,,,,,,,,,,,,,,,,,,,,,,,,,,,,,,,,,,,,,,,,,,,,
Zoology,ACTA ETHOLOGICA,1.294,GERMANY,Springer,4,0.394,"$2,780",,,,,,,,,,,,,,,,,,,,,,,,,,,,,,,,,,,,,,,,,,,,,,,,,,,,,,,,,,,,,,,,,,,,,,,,
Zoology,ACTA ZOOLOGICA,1.329,USA,Wiley Online Library,3,0.357,"$3,000",,,,,,,,,,,,,,,,,,,,,,,,,,,,,,,,,,,,,,,,,,,,,,,,,,,,,,,,,,,,,,,,,,,,,,,,
Zoology,AFRICAN ZOOLOGY,0.906,SOUTH AFRICA,Taylor and Francis Online,3,0.274,"$2,995",,,,,,,,,,,,,,,,,,,,,,,,,,,,,,,,,,,,,,,,,,,,,,,,,,,,,,,,,,,,,,,,,,,,,,,,
Zoology,AMERICAN JOURNAL OF PRIMATOLOGY,2.165,USA,Wiley Online Library,1,0.718,"$3,700",,,,,,,,,,,,,,,,,,,,,,,,,,,,,,,,,,,,,,,,,,,,,,,,,,,,,,,,,,,,,,,,,,,,,,,,
Zoology,AMPHIBIA-REPTILIA,1.34,NETHERLANDS,Brill,2,0.407,"$2,295",,,,,,,,,,,,,,,,,,,,,,,,,,,,,,,,,,,,,,,,,,,,,,,,,,,,,,,,,,,,,,,,,,,,,,,,
Zoology,ANIMAL BEHAVIOUR,2.971,ENGLAND,Elsevier,1,0.957,"$2,600",,,,,,,,,,,,,,,,,,,,,,,,,,,,,,,,,,,,,,,,,,,,,,,,,,,,,,,,,,,,,,,,,,,,,,,,
Zoology,ANIMAL BIOLOGY,1.058,NETHERLANDS,Brill,2,0.219,"$2,295",,,,,,,,,,,,,,,,,,,,,,,,,,,,,,,,,,,,,,,,,,,,,,,,,,,,,,,,,,,,,,,,,,,,,,,,
Zoology,ANIMAL COGNITION,2.651,GERMANY,Springer,1,0.766,"$3,280",,,,,,,,,,,,,,,,,,,,,,,,,,,,,,,,,,,,,,,,,,,,,,,,,,,,,,,,,,,,,,,,,,,,,,,,
Zoology,AUSTRALIAN JOURNAL OF ZOOLOGY,0.86,AUSTRALIA,CSIRO publishing,4,0.269,"$2,700",,,,,,,,,,,,,,,,,,,,,,,,,,,,,,,,,,,,,,,,,,,,,,,,,,,,,,,,,,,,,,,,,,,,,,,,
Zoology,BEHAVIORAL ECOLOGY,3.222,USA,Oxford Academics,1,1.106,"$3,439",,,,,,,,,,,,,,,,,,,,,,,,,,,,,,,,,,,,,,,,,,,,,,,,,,,,,,,,,,,,,,,,,,,,,,,,
Zoology,BEHAVIORAL ECOLOGY AND SOCIOBIOLOGY,2.287,USA,Springer,2,0.773,"$3,280",,,,,,,,,,,,,,,,,,,,,,,,,,,,,,,,,,,,,,,,,,,,,,,,,,,,,,,,,,,,,,,,,,,,,,,,
Zoology,BEHAVIOUR,1.449,NETHERLANDS,Brill,4,0.511,"$2,295",,,,,,,,,,,,,,,,,,,,,,,,,,,,,,,,,,,,,,,,,,,,,,,,,,,,,,,,,,,,,,,,,,,,,,,,
Zoology,BEHAVIOURAL PROCESSES,1.785,NETHERLANDS,Elsevier,3,0.555,"$2,760",,,,,,,,,,,,,,,,,,,,,,,,,,,,,,,,,,,,,,,,,,,,,,,,,,,,,,,,,,,,,,,,,,,,,,,,
Zoology,BIOACOUSTICS-THE INTERNATIONAL JOURNAL OF ANIMAL SOUND AND ITS RECORDING,1.833,ENGLAND,Taylor and Francis Online,1,0.544,"$3,500",,,,,,,,,,,,,,,,,,,,,,,,,,,,,,,,,,,,,,,,,,,,,,,,,,,,,,,,,,,,,,,,,,,,,,,,
Zoology,BRAIN BEHAVIOR AND EVOLUTION,2.103,SWITZERLAND,Karger Publishers,3,0.797,"$3,000",,,,,,,,,,,,,,,,,,,,,,,,,,,,,,,,,,,,,,,,,,,,,,,,,,,,,,,,,,,,,,,,,,,,,,,,
Zoology,CANADIAN JOURNAL OF ZOOLOGY,1.645,CANADA,Canadian Science Publishing,2,0.535,"$3,000",,,,,,,,,,,,,,,,,,,,,,,,,,,,,,,,,,,,,,,,,,,,,,,,,,,,,,,,,,,,,,,,,,,,,,,,
Zoology,COMPARATIVE BIOCHEMISTRY AND PHYSIOLOGY A-MOLECULAR & INTEGRATIVE PHYSIOLOGY,2.211,USA,Elsevier,3,0.557,"$3,000",,,,,,,,,,,,,,,,,,,,,,,,,,,,,,,,,,,,,,,,,,,,,,,,,,,,,,,,,,,,,,,,,,,,,,,,
Zoology,COMPARATIVE BIOCHEMISTRY AND PHYSIOLOGY B-BIOCHEMISTRY & MOLECULAR BIOLOGY,2.046,USA,Elsevier,2,0.439,"$3,230",,,,,,,,,,,,,,,,,,,,,,,,,,,,,,,,,,,,,,,,,,,,,,,,,,,,,,,,,,,,,,,,,,,,,,,,
Zoology,COMPARATIVE BIOCHEMISTRY AND PHYSIOLOGY C-TOXICOLOGY & PHARMACOLOGY,2.86,USA,Elsevier,2,0.526,"$3,000",,,,,,,,,,,,,,,,,,,,,,,,,,,,,,,,,,,,,,,,,,,,,,,,,,,,,,,,,,,,,,,,,,,,,,,,
Zoology,CONTRIBUTIONS TO ZOOLOGY,2.079,NETHERLANDS,Brill,2,0.703,"$2,295",,,,,,,,,,,,,,,,,,,,,,,,,,,,,,,,,,,,,,,,,,,,,,,,,,,,,,,,,,,,,,,,,,,,,,,,
Zoology,DEVELOPMENTAL AND COMPARATIVE IMMUNOLOGY,3.318,ENGLAND,Elsevier,1,0.503,"$3,060",,,,,,,,,,,,,,,,,,,,,,,,,,,,,,,,,,,,,,,,,,,,,,,,,,,,,,,,,,,,,,,,,,,,,,,,
Zoology,ETHOLOGY,1.524,USA,Wiley Online Library,3,0.512,"$3,600",,,,,,,,,,,,,,,,,,,,,,,,,,,,,,,,,,,,,,,,,,,,,,,,,,,,,,,,,,,,,,,,,,,,,,,,
Zoology,ETHOLOGY ECOLOGY & EVOLUTION,1.384,ENGLAND,Taylor and Francis Online,3,0.402,"$2,995",,,,,,,,,,,,,,,,,,,,,,,,,,,,,,,,,,,,,,,,,,,,,,,,,,,,,,,,,,,,,,,,,,,,,,,,
Zoology,EUROPEAN JOURNAL OF WILDLIFE RESEARCH,1.539,USA,Springer,3,0.451,"$3,280",,,,,,,,,,,,,,,,,,,,,,,,,,,,,,,,,,,,,,,,,,,,,,,,,,,,,,,,,,,,,,,,,,,,,,,,
Zoology,FOLIA PRIMATOLOGICA,1.178,SWITZERLAND,Karger Publishers,3,0.372,"$3,530",,,,,,,,,,,,,,,,,,,,,,,,,,,,,,,,,,,,,,,,,,,,,,,,,,,,,,,,,,,,,,,,,,,,,,,,
Zoology,ICHTHYOLOGICAL RESEARCH,0.963,JAPAN,Springer,4,0.282,"$3,140",,,,,,,,,,,,,,,,,,,,,,,,,,,,,,,,,,,,,,,,,,,,,,,,,,,,,,,,,,,,,,,,,,,,,,,,
Zoology,INTEGRATIVE AND COMPARATIVE BIOLOGY,3.067,USA,Oxford Academics,1,1.068,"$3,708",,,,,,,,,,,,,,,,,,,,,,,,,,,,,,,,,,,,,,,,,,,,,,,,,,,,,,,,,,,,,,,,,,,,,,,,
Zoology,INTEGRATIVE ZOOLOGY,2.362,USA,Wiley Online Library,1,0.757,"$3,600",,,,,,,,,,,,,,,,,,,,,,,,,,,,,,,,,,,,,,,,,,,,,,,,,,,,,,,,,,,,,,,,,,,,,,,,
Zoology,INTERNATIONAL JOURNAL OF PRIMATOLOGY,1.723,USA,Springer,1,0.521,"$3,280",,,,,,,,,,,,,,,,,,,,,,,,,,,,,,,,,,,,,,,,,,,,,,,,,,,,,,,,,,,,,,,,,,,,,,,,
Zoology,INVERTEBRATE BIOLOGY,1.314,USA,Wiley Online Library,2,0.38,"$3,300",,,,,,,,,,,,,,,,,,,,,,,,,,,,,,,,,,,,,,,,,,,,,,,,,,,,,,,,,,,,,,,,,,,,,,,,
Zoology,JOURNAL OF ANIMAL ECOLOGY,4.907,USA,Wiley,1,1.803,"$3,000",,,,,,,,,,,,,,,,,,,,,,,,,,,,,,,,,,,,,,,,,,,,,,,,,,,,,,,,,,,,,,,,,,,,,,,,
Zoology,JOURNAL OF COMPARATIVE NEUROLOGY,3.153,USA,Wiley Online Library,2,1.262,"$4,300",,,,,,,,,,,,,,,,,,,,,,,,,,,,,,,,,,,,,,,,,,,,,,,,,,,,,,,,,,,,,,,,,,,,,,,,
Zoology,JOURNAL OF COMPARATIVE PHYSIOLOGY A-NEUROETHOLOGY SENSORY NEURAL AND BEHAVIORAL PHYSIOLOGY,1.944,GERMANY,Springer,3,0.657,"$3,280",,,,,,,,,,,,,,,,,,,,,,,,,,,,,,,,,,,,,,,,,,,,,,,,,,,,,,,,,,,,,,,,,,,,,,,,
Zoology,JOURNAL OF COMPARATIVE PHYSIOLOGY B-BIOCHEMICAL SYSTEMS AND ENVIRONMENTAL PHYSIOLOGY,2.072,GERMANY,Springer,2,0.561,"$3,280",,,,,,,,,,,,,,,,,,,,,,,,,,,,,,,,,,,,,,,,,,,,,,,,,,,,,,,,,,,,,,,,,,,,,,,,
Zoology,JOURNAL OF CRUSTACEAN BIOLOGY,1.166,ENGLAND,Oxford Academics,3,0.337,"$3,634",,,,,,,,,,,,,,,,,,,,,,,,,,,,,,,,,,,,,,,,,,,,,,,,,,,,,,,,,,,,,,,,,,,,,,,,
Zoology,JOURNAL OF ETHOLOGY,1.278,JAPAN,Springer,3,0.372,"$3,140",,,,,,,,,,,,,,,,,,,,,,,,,,,,,,,,,,,,,,,,,,,,,,,,,,,,,,,,,,,,,,,,,,,,,,,,
Zoology,JOURNAL OF EXPERIMENTAL ZOOLOGY PART A-ECOLOGICAL AND INTEGRATIVE PHYSIOLOGY,1.56,USA,Wiley,1,0.446,"$3,900",,,,,,,,,,,,,,,,,,,,,,,,,,,,,,,,,,,,,,,,,,,,,,,,,,,,,,,,,,,,,,,,,,,,,,,,
Zoology,JOURNAL OF EXPERIMENTAL ZOOLOGY PART B-MOLECULAR AND DEVELOPMENTAL EVOLUTION,2.026,USA,Wiley Online Library,3,0.747,"$3,000",,,,,,,,,,,,,,,,,,,,,,,,,,,,,,,,,,,,,,,,,,,,,,,,,,,,,,,,,,,,,,,,,,,,,,,,
Zoology,JOURNAL OF HELMINTHOLOGY,1.442,ENGLAND,Cambridge University Press,2,0.412,"$2,890",,,,,,,,,,,,,,,,,,,,,,,,,,,,,,,,,,,,,,,,,,,,,,,,,,,,,,,,,,,,,,,,,,,,,,,,
Zoology,JOURNAL OF INVERTEBRATE PATHOLOGY,2.62,USA,Elsevier,1,0.591,"$3,000",,,,,,,,,,,,,,,,,,,,,,,,,,,,,,,,,,,,,,,,,,,,,,,,,,,,,,,,,,,,,,,,,,,,,,,,
Zoology,JOURNAL OF MAMMALIAN EVOLUTION,2.462,USA,Springer,1,0.828,"$3,280",,,,,,,,,,,,,,,,,,,,,,,,,,,,,,,,,,,,,,,,,,,,,,,,,,,,,,,,,,,,,,,,,,,,,,,,
Zoology,JOURNAL OF MAMMALOGY,2.27,USA,Oxford Academics,1,0.648,"$2,567",,,,,,,,,,,,,,,,,,,,,,,,,,,,,,,,,,,,,,,,,,,,,,,,,,,,,,,,,,,,,,,,,,,,,,,,
Zoology,JOURNAL OF MOLLUSCAN STUDIES,1.461,ENGLAND,Oxford Academics,2,0.444,"$3,708",,,,,,,,,,,,,,,,,,,,,,,,,,,,,,,,,,,,,,,,,,,,,,,,,,,,,,,,,,,,,,,,,,,,,,,,
Zoology,JOURNAL OF NATURAL HISTORY,1.554,ENGLAND,Taylor and Francis Online,3,0.318,"$3,300",,,,,,,,,,,,,,,,,,,,,,,,,,,,,,,,,,,,,,,,,,,,,,,,,,,,,,,,,,,,,,,,,,,,,,,,
Zoology,JOURNAL OF THERMAL BIOLOGY,2.411,ENGLAND,Elsevier,2,0.558,"$2,910",,,,,,,,,,,,,,,,,,,,,,,,,,,,,,,,,,,,,,,,,,,,,,,,,,,,,,,,,,,,,,,,,,,,,,,,
Zoology,JOURNAL OF WILDLIFE MANAGEMENT,2.231,USA,Wiley Online Library,2,0.65,"$3,000",,,,,,,,,,,,,,,,,,,,,,,,,,,,,,,,,,,,,,,,,,,,,,,,,,,,,,,,,,,,,,,,,,,,,,,,
Zoology,JOURNAL OF ZOOLOGICAL SYSTEMATICS AND EVOLUTIONARY RESEARCH,2.321,USA,Wiley Online Library,2,0.709,"$3,700",,,,,,,,,,,,,,,,,,,,,,,,,,,,,,,,,,,,,,,,,,,,,,,,,,,,,,,,,,,,,,,,,,,,,,,,
Zoology,JOURNAL OF ZOOLOGY,1.922,USA,Wiley Online Library,2,0.594,"$3,600",,,,,,,,,,,,,,,,,,,,,,,,,,,,,,,,,,,,,,,,,,,,,,,,,,,,,,,,,,,,,,,,,,,,,,,,
Zoology,LABORATORY ANIMALS,2.192,USA,SAGE publishers,2,0.647,"$3,000",,,,,,,,,,,,,,,,,,,,,,,,,,,,,,,,,,,,,,,,,,,,,,,,,,,,,,,,,,,,,,,,,,,,,,,,
Zoology,LEARNING & BEHAVIOR,1.379,USA,Springer,3,0.5,"$2,780",,,,,,,,,,,,,,,,,,,,,,,,,,,,,,,,,,,,,,,,,,,,,,,,,,,,,,,,,,,,,,,,,,,,,,,,
Zoology,MAMMAL RESEARCH,1.531,GERMANY,Springer,2,0.494,"$3,280",,,,,,,,,,,,,,,,,,,,,,,,,,,,,,,,,,,,,,,,,,,,,,,,,,,,,,,,,,,,,,,,,,,,,,,,
Zoology,MAMMAL REVIEW,4.339,USA,Wiley Online Library,1,1.403,"$3,000",,,,,,,,,,,,,,,,,,,,,,,,,,,,,,,,,,,,,,,,,,,,,,,,,,,,,,,,,,,,,,,,,,,,,,,,
Zoology,MAMMALIAN BIOLOGY,1.735,GERMANY,Springer,2,0.51,"$2,780",,,,,,,,,,,,,,,,,,,,,,,,,,,,,,,,,,,,,,,,,,,,,,,,,,,,,,,,,,,,,,,,,,,,,,,,
Zoology,MARINE MAMMAL SCIENCE,1.915,USA,Wiley Online Library,2,0.556,"$3,000",,,,,,,,,,,,,,,,,,,,,,,,,,,,,,,,,,,,,,,,,,,,,,,,,,,,,,,,,,,,,,,,,,,,,,,,
Zoology,NEMATOLOGY,1.194,NETHERLANDS,Brill,3,0.303,"$2,295",,,,,,,,,,,,,,,,,,,,,,,,,,,,,,,,,,,,,,,,,,,,,,,,,,,,,,,,,,,,,,,,,,,,,,,,
Zoology,ORGANISMS DIVERSITY & EVOLUTION,2.242,GERMANY,Springer,2,0.749,"$3,280",,,,,,,,,,,,,,,,,,,,,,,,,,,,,,,,,,,,,,,,,,,,,,,,,,,,,,,,,,,,,,,,,,,,,,,,
Zoology,PHYSIOLOGICAL AND BIOCHEMICAL ZOOLOGY,2.282,USA,university of chicago press,2,0.739,"$1,000",,,,,,,,,,,,,,,,,,,,,,,,,,,,,,,,,,,,,,,,,,,,,,,,,,,,,,,,,,,,,,,,,,,,,,,,
Zoology,PRIMATES,1.455,JAPAN,Springer,2,0.396,"$3,140",,,,,,,,,,,,,,,,,,,,,,,,,,,,,,,,,,,,,,,,,,,,,,,,,,,,,,,,,,,,,,,,,,,,,,,,
Zoology,REPRODUCTION FERTILITY AND DEVELOPMENT,1.924,AUSTRALIA,CSIRO publishing,3,0.453,"$2,700",,,,,,,,,,,,,,,,,,,,,,,,,,,,,,,,,,,,,,,,,,,,,,,,,,,,,,,,,,,,,,,,,,,,,,,,
Zoology,STUDIES ON NEOTROPICAL FAUNA AND ENVIRONMENT,0.83,ENGLAND,Taylor and Francis Online,3,0.257,"$2,995",,,,,,,,,,,,,,,,,,,,,,,,,,,,,,,,,,,,,,,,,,,,,,,,,,,,,,,,,,,,,,,,,,,,,,,,
Zoology,WILDLIFE MONOGRAPHS,5.3,USA,Wiley Online Library,2,1.857,"$2,750",,,,,,,,,,,,,,,,,,,,,,,,,,,,,,,,,,,,,,,,,,,,,,,,,,,,,,,,,,,,,,,,,,,,,,,,
Zoology,WILDLIFE RESEARCH,1.833,AUSTRALIA,CSIRO publishing,2,0.544,"$2,700",,,,,,,,,,,,,,,,,,,,,,,,,,,,,,,,,,,,,,,,,,,,,,,,,,,,,,,,,,,,,,,,,,,,,,,,
Zoology,ZEBRAFISH,2.19,USA,"Mary Ann Liebert, Inc., publishers",2,0.575,"$3,200",,,,,,,,,,,,,,,,,,,,,,,,,,,,,,,,,,,,,,,,,,,,,,,,,,,,,,,,,,,,,,,,,,,,,,,,
Zoology,ZOO BIOLOGY,1.245,USA,Wiley Online Library,3,0.263,"$3,400",,,,,,,,,,,,,,,,,,,,,,,,,,,,,,,,,,,,,,,,,,,,,,,,,,,,,,,,,,,,,,,,,,,,,,,,
Zoology,ZOOLOGICA SCRIPTA,2.77,USA,Wiley Online Library,2,0.885,"$3,000",,,,,,,,,,,,,,,,,,,,,,,,,,,,,,,,,,,,,,,,,,,,,,,,,,,,,,,,,,,,,,,,,,,,,,,,
Zoology,ZOOLOGICAL JOURNAL OF THE LINNEAN SOCIETY,2.92,ENGLAND,Oxford Academics,1,0.975,"$3,460",,,,,,,,,,,,,,,,,,,,,,,,,,,,,,,,,,,,,,,,,,,,,,,,,,,,,,,,,,,,,,,,,,,,,,,,
Zoology,ZOOLOGICAL STUDIES,1.219,TAIWAN,Academia Sinica,2,0.353,$0,,,,,,,,,,,,,,,,,,,,,,,,,,,,,,,,,,,,,,,,,,,,,,,,,,,,,,,,,,,,,,,,,,,,,,,,
Zoology,ZOOLOGISCHER ANZEIGER,1.564,GERMANY,Elsevier,2,0.511,"$2,760",,,,,,,,,,,,,,,,,,,,,,,,,,,,,,,,,,,,,,,,,,,,,,,,,,,,,,,,,,,,,,,,,,,,,,,,
Zoology,ZOOLOGY,1.83,GERMANY,Elsevier,2,0.564,"$3,270",,,,,,,,,,,,,,,,,,,,,,,,,,,,,,,,,,,,,,,,,,,,,,,,,,,,,,,,,,,,,,,,,,,,,,,,
Zoology,ZOOMORPHOLOGY,1.471,USA,Springer,3,0.458,"$3,280",,,,,,,,,,,,,,,,,,,,,,,,,,,,,,,,,,,,,,,,,,,,,,,,,,,,,,,,,,,,,,,,,,,,,,,,